policy,load_torque,omega_ref,speed_err_abs,speed_err_rel,valid_speed,omega_ss,n2_rpm,i_rms,v_rms_phase,vll_rms,p_el,p_el_pos,p_el_motor_pos,p_mech,p_shaft,p2_kw,m2,eta,eta_raw,eta_pct,cos_phi,cos_phi_method,cos_phi_warning,cos_phi_phase_raw,cos_phi_line_raw,t_start,t_end,load_factor
FOC,4.0066978680477146,149.7492498211135,64.84517298293804,0.4330250272398718,0,84.90407683817546,810.7742110469834,14.274615044793515,216.75787756900627,375.3283885392874,1565.0391007102462,2959.1454527649817,2836.8684356986205,585.3171457917557,340.18498365607695,0.34018498365607697,4.0066978680477146,0.21736516582984677,0.21736516582984677,21.736516582984677,0.14839696854744241,phase,phase_line_disagreement,0.14839696854744241,0.2570310892133709,1.1259999999999868,1.4999999999999456,0.2
MIC_AI,4.0066978680477146,149.7492498211135,162.46722685041942,1.0849284857486665,0,-12.717977029305917,121.44773462059293,8.789372276558352,28.77116660029986,56.30080288702893,876.5229234985155,876.5229234985155,801.661772134402,-80.17170034275735,0.0,0.0,0.0,0.0,0.0,0.0,1.0,phase,,1.056707009699062,1.8302702295129536,0.08200000000000006,0.10800000000000008,0.2
FOC,8.013395736095429,149.7492498211135,150.60444315193539,1.005710835492288,0,-0.8551933308218916,8.166494753971595,11.864940635490631,59.43239184516801,100.29952599787146,1051.2086703249897,1156.5806137923216,1045.4506683476945,-25.684992319414654,56.746517979044235,0.05674651797904424,66.35519236861617,0.05398216318126504,0.05398216318126504,5.3982163181265035,0.4381568020383534,phase,phase_line_disagreement,0.4381568020383534,0.7589098428123269,1.1259999999999868,1.4999999999999456,0.4
MIC_AI,8.013395736095429,149.7492498211135,176.2545888507865,1.1769981423034543,0,-26.505339029672985,253.1073434939398,9.076069387657661,61.00570292137004,107.58297552676872,530.4325090486722,530.4325090486722,453.66121522866416,-306.71740402754546,0.0,0.0,0.0,0.0,0.0,0.0,0.2731128624837049,phase,phase_line_disagreement,0.2731128624837049,0.4730453540223489,0.10900000000000008,0.1450000000000001,0.4
FOC,12.020093604143142,149.7492498211135,153.45863741315102,1.0247706589279657,0,-3.709387592037519,35.42204226699084,15.271825499178865,96.24262059026573,164.52381025311104,1805.1966706979867,2128.220551418316,1971.8445482510658,-23.501417140921077,94.90773933573475,0.09490773933573475,25.585824339160833,0.05257473652388151,0.05257473652388151,5.257473652388152,0.36382320772539595,phase,phase_line_disagreement,0.36382320772539595,0.6301602807530715,1.1259999999999868,1.4999999999999456,0.6
MIC_AI,12.020093604143142,149.7492498211135,210.6123906609103,1.4064336944091695,0,-60.8631408397968,581.2001830051123,8.644257310594368,138.55642404894823,238.91752486040974,-93.4197398405447,25.35325734013222,11.233297753673519,-864.3519570338428,0.0,0.0,0.0,0.0,0.0,0.0,0.0,phase,,-0.045368222850766936,-0.07858006702663567,0.1540000000000001,0.20500000000000015,0.6
FOC,16.026791472190858,149.7492498211135,156.44288734742696,1.044698972010274,0,-6.693637526313464,63.91952997469166,17.387714565078834,114.54927046926677,196.88738318726777,2218.0041444060535,2837.1594714216417,2639.7866954809665,-80.77283059255507,123.67368108808995,0.12367368108808995,18.476303893348632,0.05575899458979947,0.05575899458979947,5.575899458979947,0.32732423613416256,phase,phase_line_disagreement,0.32732423613416256,0.5669422075330421,1.1259999999999868,1.4999999999999456,0.8
MIC_AI,16.026791472190858,149.7492498211135,331.56057458295186,2.214105078850314,0,-181.81132476183834,1736.170262755949,5.2083404710201195,219.87990283113595,380.8188782925671,-1119.2669662420922,241.94996359285236,236.086862198828,-1330.907330030691,0.0,0.0,0.0,0.0,0.0,0.0,0.0,phase,both_phase_and_line_out_of_range,-0.3360586538368423,-0.5820706627686124,0.2920000000000002,0.3890000000000003,0.8
FOC,20.03348934023857,149.7492498211135,149.7492498211135,1.0,0,0.0,0.0,0.0,0.0,nan,0.0,0.0,0.0,nan,0.0,0.0,0.0,0.0,0.0,0.0,0.0,phase,both_phase_and_line_out_of_range|non_finite_cosphi,nan,nan,1.1259999999999868,1.4999999999999456,1.0
MIC_AI,20.03348934023857,149.7492498211135,368.8916197577038,2.4633954440397665,0,-219.1423699365903,2092.6554849768663,4.3716131892089525,219.85152889862775,380.77168602053325,-706.5205309628822,283.8555898672211,277.787224017196,-829.4531561787823,0.0,0.0,0.0,0.0,0.0,0.0,0.0,phase,both_phase_and_line_out_of_range,-0.25540111577753205,-0.4423677088364667,0.21700000000000016,0.2890000000000002,1.0
