policy,load_torque,omega_ref,speed_err_abs,speed_err_rel,valid_speed,omega_ss,n2_rpm,i_rms,v_rms_phase,vll_rms,p_el,p_el_pos,p_el_motor_pos,p_mech,p_shaft,p2_kw,m2,eta,eta_raw,eta_pct,cos_phi,cos_phi_method,cos_phi_warning,cos_phi_phase_raw,cos_phi_line_raw,t_start,t_end
FOC,4.0066978680477146,44.92477494633405,2.614105995935283,0.058188516226470255,0,42.310668950398764,404.03712653884435,5.7085378310303305,82.29333428098205,136.60731887173378,500.8269714751191,500.8269714751191,466.6630620896407,211.12047301628257,169.52606707923536,0.16952606707923537,4.0066978680477146,0.3384922872263028,0.3384922872263028,33.84922872263028,0.3311255015947431,phase,phase_line_disagreement,0.3311255015947431,0.5735261924438244,1.1259999999999868,1.4999999999999456
MIC_AI,4.0066978680477146,44.92477494633405,57.63838813857444,1.282997815958516,0,-12.713613192240397,121.40606304620341,8.790111341278495,28.76780076490569,56.29260779804404,876.6751255689145,876.6751255689145,801.799194351292,-80.19748900283054,0.0,0.0,0.0,0.0,0.0,0.0,1.0,phase,,1.0569229356052243,1.8306442241530974,0.08200000000000006,0.10800000000000008
FOC,4.0066978680477146,74.87462491055675,0.9337000041439865,0.012470179386666174,1,73.94092490641276,706.0838217385337,6.165452176233067,143.6712227637439,247.53244273865494,716.0733286098625,716.0733286098625,675.8081693934627,402.5493784150405,296.25894618400014,0.2962589461840001,4.0066978680477146,0.41372710635534726,0.41372710635534726,41.37271063553472,0.25431235598449003,phase,phase_line_disagreement,0.25431235598449003,0.4404819215576798,1.1259999999999868,1.4999999999999456
MIC_AI,4.0066978680477146,74.87462491055675,87.59068982285827,1.169831433913583,0,-12.716064912301523,121.42947524821174,8.789696634363517,28.769685824780087,56.297213939069294,876.5895640240179,876.5895640240179,801.7219416325628,-80.18296064898767,0.0,0.0,0.0,0.0,0.0,0.0,1.0,phase,,1.0568017150614655,1.8304342640123856,0.08200000000000006,0.10800000000000008
FOC,4.0066978680477146,104.82447487477944,12.420108501081529,0.11848481488620156,0,92.40436637369791,882.3967002989123,2.726155894231683,83.3639386012001,138.72420671713584,300.84811171550297,300.84811171550297,285.1617269032679,221.40335018234325,370.2363777477953,0.3702363777477953,4.006697868047714,1.02,1.2306421856418674,102.0,0.4182549303847483,phase,phase_line_disagreement,0.4182549303847483,0.7244387899425677,1.1259999999999868,1.4999999999999456
MIC_AI,4.0066978680477146,104.82447487477944,117.54162503313177,1.1213185200645546,0,-12.717150158352322,121.4398385846191,8.789512796560283,28.770528794937366,56.29925445972264,876.5517784704859,876.5517784704859,801.6878260540444,-80.17656200276203,0.0,0.0,0.0,0.0,0.0,0.0,1.0,phase,,1.0567478844018368,1.830341026574904,0.08200000000000006,0.10800000000000008
FOC,4.0066978680477146,134.77432483900216,36.22427393059559,0.2687772613505439,0,98.55005090840658,941.0836646418503,10.577934837925282,218.38091613016624,378.1975887402645,1132.4182346029413,1573.805287333022,1508.5552103369876,793.9156123320696,394.8602788707064,0.3948602788707064,4.0066978680477146,0.34868767280946855,0.34868767280946855,34.868767280946855,0.14822862078823854,phase,phase_line_disagreement,0.14822862078823854,0.2567395023410894,1.1259999999999868,1.4999999999999456
MIC_AI,4.0066978680477146,134.77432483900216,147.49208820993994,1.094363398860503,0,-12.71776337093777,121.44569433346751,8.789408860203471,28.771003858461484,56.30040384036503,876.5304460395657,876.5304460395657,801.6685655781455,-80.17296160685659,0.0,0.0,0.0,0.0,0.0,0.0,1.0,phase,,1.0567175433798504,1.83028847438327,0.08200000000000006,0.10800000000000008
FOC,8.013395736095429,44.92477494633405,45.77996827715594,1.019036118307626,0,-0.8551933308218916,8.166494753971595,11.864940635490631,59.43239184516801,100.29952599787146,1051.2086703249897,1156.5806137923216,1045.4506683476945,-25.684992319414654,56.746517979044235,0.05674651797904424,66.35519236861617,0.05398216318126504,0.05398216318126504,5.3982163181265035,0.4381568020383534,phase,phase_line_disagreement,0.4381568020383534,0.7589098428123269,1.1259999999999868,1.4999999999999456
MIC_AI,8.013395736095429,44.92477494633405,71.44864216682602,1.5904062346929213,0,-26.523867220491976,253.28427468326333,9.071810034046928,61.004517475814545,107.57657804514662,529.8424115359634,529.8424115359634,453.13810184502535,-306.6763703446256,0.0,0.0,0.0,0.0,0.0,0.0,0.2729313243969753,phase,phase_line_disagreement,0.2729313243969753,0.47273092083262436,0.10900000000000008,0.1450000000000001
FOC,8.013395736095429,74.87462491055675,75.72981824137864,1.0114216709845756,0,-0.8551933308218916,8.166494753971595,11.864940635490631,59.43239184516801,100.29952599787146,1051.2086703249897,1156.5806137923216,1045.4506683476945,-25.684992319414654,56.746517979044235,0.05674651797904424,66.35519236861617,0.05398216318126504,0.05398216318126504,5.3982163181265035,0.4381568020383534,phase,phase_line_disagreement,0.4381568020383534,0.7589098428123269,1.1259999999999868,1.4999999999999456
MIC_AI,8.013395736095429,74.87462491055675,101.38761544969513,1.3540984755624499,0,-26.512990539138382,253.1804100271517,9.074221474440034,61.00411692624552,107.57843419660722,530.1784140933778,530.1784140933778,453.4359592597691,-306.6985895113934,0.0,0.0,0.0,0.0,0.0,0.0,0.27303994262252174,phase,phase_line_disagreement,0.27303994262252174,0.4729190531178987,0.10900000000000008,0.1450000000000001
FOC,8.013395736095429,104.82447487477944,105.67966820560133,1.008158336417554,0,-0.8551933308218916,8.166494753971595,11.864940635490631,59.43239184516801,100.29952599787146,1051.2086703249897,1156.5806137923216,1045.4506683476945,-25.684992319414654,56.746517979044235,0.05674651797904424,66.35519236861617,0.05398216318126504,0.05398216318126504,5.3982163181265035,0.4381568020383534,phase,phase_line_disagreement,0.4381568020383534,0.7589098428123269,1.1259999999999868,1.4999999999999456
MIC_AI,8.013395736095429,104.82447487477944,131.33304093213928,1.2528852740643468,0,-26.50856605735985,253.1381593384113,9.075272901329141,61.00482311492328,107.580695167427,530.3233470074836,530.3233470074836,453.56444298246805,-306.7091072644387,0.0,0.0,0.0,0.0,0.0,0.0,0.27308250651515675,phase,phase_line_disagreement,0.27308250651515675,0.4729927759425105,0.10900000000000008,0.1450000000000001
FOC,8.013395736095429,134.77432483900216,135.62951816982405,1.0063453727692087,0,-0.8551933308218916,8.166494753971595,11.864940635490631,59.43239184516801,100.29952599787146,1051.2086703249897,1156.5806137923216,1045.4506683476945,-25.684992319414654,56.746517979044235,0.05674651797904424,66.35519236861617,0.05398216318126504,0.05398216318126504,5.3982163181265035,0.4381568020383534,phase,phase_line_disagreement,0.4381568020383534,0.7589098428123269,1.1259999999999868,1.4999999999999456
MIC_AI,8.013395736095429,134.77432483900216,161.28048784328453,1.1966707162951544,0,-26.50616300428236,253.11521187186364,9.075863087043452,61.00543238033574,107.58231414424652,530.4043166257146,530.4043166257146,453.63622211185265,-306.715279436772,0.0,0.0,0.0,0.0,0.0,0.0,0.2731052349787908,phase,phase_line_disagreement,0.2731052349787908,0.47303214279630257,0.10900000000000008,0.1450000000000001
FOC,12.020093604143142,44.92477494633405,48.64679242704519,1.082849997248898,0,-3.722017480711142,35.54264881977729,15.261761236321535,96.2708145215736,164.60072625685297,1802.7419330099917,2124.5659170738572,1968.2652345997653,-23.588230486331625,94.86471843851375,0.09486471843851375,25.48744570119229,0.052622461763076965,0.052622461763076965,5.262246176307697,0.36345587107471233,phase,phase_line_disagreement,0.36345587107471233,0.6295240350106054,1.1259999999999868,1.4999999999999456
MIC_AI,12.020093604143142,44.92477494633405,105.13532121978562,2.3402525965990373,0,-60.210546273451584,574.9683639409872,8.706742630287033,137.23863370672777,236.6807588340823,-86.3935213946711,36.144698014533965,18.487612779801303,-871.3685336113733,0.0,0.0,0.0,0.0,0.0,0.0,0.0,phase,,-0.04375930132553678,-0.07579333319954581,0.1540000000000001,0.20500000000000015
FOC,12.020093604143142,74.87462491055675,78.58401250259426,1.0495413178559312,0,-3.709387592037519,35.42204226699084,15.271825499178865,96.24262059026573,164.52381025311104,1805.1966706979867,2128.220551418316,1971.8445482510658,-23.501417140921077,94.90773933573475,0.09490773933573475,25.585824339160833,0.05257473652388151,0.05257473652388151,5.257473652388152,0.36382320772539595,phase,phase_line_disagreement,0.36382320772539595,0.6301602807530715,1.1259999999999868,1.4999999999999456
MIC_AI,12.020093604143142,74.87462491055675,135.3486082350478,1.807669933528638,0,-60.47398332449106,577.4840024729762,8.691486328971907,137.82871127056256,237.6654764152226,-92.73173034271258,28.74804120479969,13.14768124201312,-872.6642728136763,0.0,0.0,0.0,0.0,0.0,0.0,0.0,phase,,-0.04535358408148006,-0.07855471193447051,0.1540000000000001,0.20500000000000015
FOC,12.020093604143142,104.82447487477944,108.53386246681696,1.0353866556113793,0,-3.709387592037519,35.42204226699084,15.271825499178865,96.24262059026573,164.52381025311104,1805.1966706979867,2128.220551418316,1971.8445482510658,-23.501417140921077,94.90773933573475,0.09490773933573475,25.585824339160833,0.05257473652388151,0.05257473652388151,5.257473652388152,0.36382320772539595,phase,phase_line_disagreement,0.36382320772539595,0.6301602807530715,1.1259999999999868,1.4999999999999456
MIC_AI,12.020093604143142,104.82447487477944,165.53078015854595,1.57912339037505,0,-60.706305283766525,579.7025137654252,8.666705212081427,138.16575606215875,238.26458041101498,-91.48029457919445,30.256848291657914,12.886853675551436,-866.6262885788076,0.0,0.0,0.0,0.0,0.0,0.0,0.0,phase,,-0.04492846841675972,-0.07781839000408149,0.1540000000000001,0.20500000000000015
FOC,12.020093604143142,134.77432483900216,138.4837124310397,1.0275229543644062,0,-3.709387592037519,35.42204226699084,15.271825499178865,96.24262059026573,164.52381025311104,1805.1966706979867,2128.220551418316,1971.8445482510658,-23.501417140921077,94.90773933573475,0.09490773933573475,25.585824339160833,0.05257473652388151,0.05257473652388151,5.257473652388152,0.36382320772539595,phase,phase_line_disagreement,0.36382320772539595,0.6301602807530715,1.1259999999999868,1.4999999999999456
MIC_AI,12.020093604143142,134.77432483900216,195.6137483120669,1.4514170154125565,0,-60.83942347306471,580.9736988359601,8.646636631826503,138.4784396243423,238.78562422040005,-93.19419927441663,25.567152407875046,11.31773903674708,-864.6403551309268,0.0,0.0,0.0,0.0,0.0,0.0,0.0,phase,,-0.04532775352652882,-0.07850997210090727,0.1540000000000001,0.20500000000000015
FOC,16.026791472190858,44.92477494633405,58.857646191951716,1.310137808419998,0,-13.932871245617667,133.0491198121791,15.519917518663704,95.75582737294019,164.82146658183007,1727.6917174155117,2103.297947700992,1944.2427462916328,-286.32083843110547,80.93768277799207,0.08093768277799207,5.8091172559604,0.04684729455036594,0.04684729455036594,4.684729455036594,0.3408064053716269,phase,phase_line_disagreement,0.3408064053716269,0.5902940096485725,1.1259999999999868,1.4999999999999456
MIC_AI,16.026791472190858,44.92477494633405,221.64855434060559,4.933771056290902,0,-176.72377939427153,1687.5877831487974,4.905417693650434,220.13602893138486,381.28296188687386,-1121.7667009311197,123.44888815324532,119.62038559294636,-1364.8052218803148,0.0,0.0,0.0,0.0,0.0,0.0,0.0,phase,both_phase_and_line_out_of_range,-0.35627432878570264,-0.617085238889336,0.2810000000000002,0.3740000000000003
FOC,16.026791472190858,74.87462491055675,85.3393426794643,1.1397632079146764,0,-10.464717768907548,99.9306936589936,17.14068102861345,113.91203640961608,194.5374234076633,2090.3213998151023,2646.466034473571,2451.90539561086,-170.32465669259517,112.07303461347387,0.11207303461347387,10.709608905694703,0.05361521659941251,0.05361521659941251,5.361521659941252,0.31292385791869687,phase,phase_line_disagreement,0.31292385791869687,0.5420000208156476,1.1259999999999868,1.4999999999999456
MIC_AI,16.026791472190858,74.87462491055675,256.5707975658,3.4266722253673083,0,-181.69617265524323,1735.0706411376257,5.254862841383127,220.00784199714408,381.0518578390247,-1108.0975552644863,249.7003215203088,243.0635842412706,-1342.750178332576,0.0,0.0,0.0,0.0,0.0,0.0,0.0,phase,both_phase_and_line_out_of_range,-0.32979097646566047,-0.5712147271162759,0.2920000000000002,0.3880000000000003
FOC,16.026791472190858,104.82447487477944,123.31464466604079,1.1763917235297312,0,-18.490169791261355,176.568115253261,20.39390411474435,144.28741089637336,247.58954133776493,2805.969815076969,3706.2718855401627,3428.7582916979595,-281.2625247118296,128.7727555656777,0.1287727555656777,6.964390106711569,0.045892423672471115,0.045892423672471115,4.589242367247111,0.27685083094833796,phase,phase_line_disagreement,0.27685083094833796,0.4795197053201835,1.1259999999999868,1.4999999999999456
MIC_AI,16.026791472190858,104.82447487477944,286.66080598925646,2.7346743814523653,0,-181.83633111447705,1736.409055833818,5.185414644665868,219.88672579882123,380.83174821105416,-1107.6594876242477,237.30769187638143,230.68939662834066,-1334.6742542810453,0.0,0.0,0.0,0.0,0.0,0.0,0.0,phase,both_phase_and_line_out_of_range,-0.33406989642551804,-0.5786260338882698,0.2920000000000002,0.3890000000000003
FOC,16.026791472190858,134.77432483900216,141.46796236531563,1.04966552445586,0,-6.693637526313464,63.91952997469166,17.387714565078834,114.54927046926677,196.88738318726777,2218.0041444060535,2837.1594714216417,2639.7866954809665,-80.77283059255507,123.67368108808995,0.12367368108808995,18.476303893348632,0.05575899458979947,0.05575899458979947,5.575899458979947,0.32732423613416256,phase,phase_line_disagreement,0.32732423613416256,0.5669422075330421,1.1259999999999868,1.4999999999999456
MIC_AI,16.026791472190858,134.77432483900216,316.5833143833062,2.348988316294578,0,-181.80898954430404,1736.1479630711224,5.204865406998899,219.8753791900812,380.8105693838617,-1119.9271659388733,241.05085129029902,235.24000531386025,-1330.3755494238694,0.0,0.0,0.0,0.0,0.0,0.0,0.0,phase,both_phase_and_line_out_of_range,-0.3364738515159853,-0.582789806244073,0.2920000000000002,0.3890000000000003
FOC,20.03348934023857,44.92477494633405,44.92477494633405,1.0,0,0.0,0.0,0.0,0.0,nan,0.0,0.0,0.0,nan,0.0,0.0,0.0,0.0,0.0,0.0,0.0,phase,both_phase_and_line_out_of_range|non_finite_cosphi,nan,nan,1.1259999999999868,1.4999999999999456
MIC_AI,20.03348934023857,44.92477494633405,260.13009807160915,5.79034838532533,0,-215.2053231252751,2055.0594573045664,4.474625886061301,219.55245276719344,380.27472929283056,-633.7267733901414,287.03839416113493,279.33655992571124,-833.8933339454331,0.0,0.0,0.0,0.0,0.0,0.0,0.0,phase,both_phase_and_line_out_of_range,-0.22538952668354503,-0.3903861117098012,0.21300000000000016,0.2830000000000002
FOC,20.03348934023857,74.87462491055675,74.87462491055675,1.0,0,0.0,0.0,0.0,0.0,nan,0.0,0.0,0.0,nan,0.0,0.0,0.0,0.0,0.0,0.0,0.0,phase,both_phase_and_line_out_of_range|non_finite_cosphi,nan,nan,1.1259999999999868,1.4999999999999456
MIC_AI,20.03348934023857,74.87462491055675,291.312466325962,3.8906701258798453,0,-216.43784141540527,2066.82914000409,4.345037115184822,219.6374831496349,380.40924326077413,-670.2196298717555,280.43924463515003,274.1230417848042,-820.4096347067225,0.0,0.0,0.0,0.0,0.0,0.0,0.0,phase,both_phase_and_line_out_of_range,-0.2444012015334713,-0.42331529848685295,0.21400000000000016,0.2850000000000002
FOC,20.03348934023857,104.82447487477944,104.82447487477944,1.0,0,0.0,0.0,0.0,0.0,nan,0.0,0.0,0.0,nan,0.0,0.0,0.0,0.0,0.0,0.0,0.0,phase,both_phase_and_line_out_of_range|non_finite_cosphi,nan,nan,1.1259999999999868,1.4999999999999456
MIC_AI,20.03348934023857,104.82447487477944,322.8433966209275,3.079847497510364,0,-218.018921746148,2081.9273450078745,4.110355499178323,219.89486982338917,380.86650950104416,-709.0885993816355,157.20899541164,153.21606999780786,-898.7602113691255,0.0,0.0,0.0,0.0,0.0,0.0,0.0,phase,both_phase_and_line_out_of_range,-0.2717575751405891,-0.47069792748521727,0.21600000000000016,0.2870000000000002
FOC,20.03348934023857,134.77432483900216,134.77432483900216,1.0,0,0.0,0.0,0.0,0.0,nan,0.0,0.0,0.0,nan,0.0,0.0,0.0,0.0,0.0,0.0,0.0,phase,both_phase_and_line_out_of_range|non_finite_cosphi,nan,nan,1.1259999999999868,1.4999999999999456
MIC_AI,20.03348934023857,134.77432483900216,353.9290535586351,2.626086637654682,0,-219.1547287196329,2092.773502661576,4.37286399203566,219.8518470248039,380.7721943531367,-700.5629844344909,285.3275238792975,279.1699888518674,-827.4521109640855,0.0,0.0,0.0,0.0,0.0,0.0,0.0,phase,both_phase_and_line_out_of_range,-0.2532636583592789,-0.4386655239890373,0.21700000000000016,0.2890000000000002
