scenario,controller,speed_error,current,switches,feedback,fallback,failures,safety_worst
start_no_load,protected_ai_pwm_h1_proxy,83.95663787104598,1.1479406671507644,19.0,0.9833333333333333,0.0,0,0.0
start_no_load,fcs_mpc_one_step_baseline,83.88886817417662,2.0565076724291234,11.333333333333334,1.0,0.0,0,0.0
start_no_load,foc_svm_key_baseline,83.70108224722772,1.4604333830369347,22.0,1.0,0.0,0,0.0
start_no_load,dtc_hysteresis_proxy,84.00794252686164,1.5240385532115095,46.666666666666664,1.0,2.0,0,0.0
start_no_load,dtc_svm_proxy,83.98508571326367,1.595162604232623,22.333333333333332,1.0,0.0,0,0.0
start_no_load,deadbeat_current_proxy,84.0368670283766,0.28530052238338827,75.0,1.0,2.0,0,0.0
start_no_load,sensorless_adaptive_foc_proxy,84.01500736594984,1.0723115275847575,30.0,0.9166666666666666,0.0,0,0.0
start_no_load,safe_neural_horizon_pwm_h2,84.00969075727026,1.3561759172463226,27.333333333333332,0.9833333333333333,0.0,0,0.0
start_no_load,safe_neural_horizon_pwm_h3_thermal,84.01600994947616,1.1718939904999681,32.0,0.9833333333333333,0.0,0,0.0
start_no_load,safe_neural_horizon_pwm_h4_sparse,83.87597935052861,2.443587816280095,20.333333333333332,0.8833333333333333,7.666666666666667,0,0.0
start_with_load,protected_ai_pwm_h1_proxy,84.1104618138623,1.1890688842095942,25.0,0.9833333333333333,0.0,0,0.0
start_with_load,fcs_mpc_one_step_baseline,84.0100667329594,2.207282554533416,9.666666666666666,1.0,0.0,0,0.0
start_with_load,foc_svm_key_baseline,84.03668846138864,1.5350297835818214,21.333333333333332,1.0,0.0,0,0.0
start_with_load,dtc_hysteresis_proxy,84.07855812112707,1.7171165101683512,39.333333333333336,1.0,3.3333333333333335,0,0.0
start_with_load,dtc_svm_proxy,84.069983545137,1.537168443445191,19.333333333333332,1.0,0.0,0,0.0
start_with_load,deadbeat_current_proxy,84.1502223122488,0.29429719161716666,74.33333333333333,1.0,3.3333333333333335,0,0.0
start_with_load,sensorless_adaptive_foc_proxy,84.68517951771628,1.1148496212770265,30.333333333333332,0.9166666666666666,0.0,0,0.0
start_with_load,safe_neural_horizon_pwm_h2,84.2158869748279,1.2021119461848475,27.0,0.9833333333333333,0.0,0,0.0
start_with_load,safe_neural_horizon_pwm_h3_thermal,84.08542570853422,1.3239592257779675,30.666666666666668,0.9833333333333333,0.0,0,0.0
start_with_load,safe_neural_horizon_pwm_h4_sparse,84.00986732108443,2.489060185779987,16.333333333333332,0.8833333333333333,10.333333333333334,0,0.0
ramp_to_rated,protected_ai_pwm_h1_proxy,92.07750434617746,1.2616071840935845,26.333333333333332,0.9666666666666667,0.0,0,0.0
ramp_to_rated,fcs_mpc_one_step_baseline,92.01226304078648,1.8966299879352553,13.0,1.0,0.0,0,0.0
ramp_to_rated,foc_svm_key_baseline,92.00414223789107,1.3691625597380055,18.666666666666668,1.0,0.0,0,0.0
ramp_to_rated,dtc_hysteresis_proxy,92.00368252965082,1.7569789593924152,38.0,1.0,1.0,0,0.0
ramp_to_rated,dtc_svm_proxy,92.1476766813828,1.2560514490890116,19.666666666666668,1.0,0.0,0,0.0
ramp_to_rated,deadbeat_current_proxy,92.19133128343078,0.28457608038317445,75.66666666666667,1.0,2.3333333333333335,0,0.0
ramp_to_rated,sensorless_adaptive_foc_proxy,92.20305725391239,1.1813066499377465,29.666666666666668,0.8166666666666668,0.0,0,0.0
ramp_to_rated,safe_neural_horizon_pwm_h2,92.06714053288715,1.3468567852158293,33.333333333333336,0.9666666666666667,0.0,0,0.0
ramp_to_rated,safe_neural_horizon_pwm_h3_thermal,94.56921492270153,1.117976778769837,31.0,0.9666666666666667,0.0,0,0.0
ramp_to_rated,safe_neural_horizon_pwm_h4_sparse,91.26855028843725,2.7395762437342657,12.0,0.7166666666666667,16.666666666666668,0,0.0
load_step,protected_ai_pwm_h1_proxy,84.02836909917478,1.2863164517044783,25.666666666666668,0.9833333333333333,0.0,0,0.0
load_step,fcs_mpc_one_step_baseline,83.90292640478748,2.291064334238054,9.333333333333334,1.0,0.0,0,0.0
load_step,foc_svm_key_baseline,83.96203927838427,1.5364268454040044,23.0,1.0,0.0,0,0.0
load_step,dtc_hysteresis_proxy,83.64378316040528,1.6632889499191368,46.0,1.0,3.6666666666666665,0,0.0
load_step,dtc_svm_proxy,83.11132196805988,1.7649354931611632,17.0,1.0,0.0,0,0.0
load_step,deadbeat_current_proxy,84.08755900482427,0.2865134702401686,75.0,1.0,2.0,0,0.0
load_step,sensorless_adaptive_foc_proxy,83.95474953271871,1.0204194572639251,29.333333333333332,0.9166666666666666,0.0,0,0.0
load_step,safe_neural_horizon_pwm_h2,84.02153056199124,1.2205432862254975,31.333333333333332,0.9833333333333333,0.0,0,0.0
load_step,safe_neural_horizon_pwm_h3_thermal,84.03872371921817,1.4870213935126857,27.666666666666668,0.9833333333333333,0.6666666666666666,0,0.0
load_step,safe_neural_horizon_pwm_h4_sparse,83.93655231780207,2.6161502827677587,15.333333333333334,0.8833333333333333,12.666666666666666,0,0.0
load_shed,protected_ai_pwm_h1_proxy,94.43720355164761,1.2844139615507826,20.333333333333332,1.0,0.0,0,0.0
load_shed,fcs_mpc_one_step_baseline,94.15316983101432,2.537670164116607,7.666666666666667,1.0,0.0,0,0.0
load_shed,foc_svm_key_baseline,94.2467995733016,1.3354777233027084,22.666666666666668,1.0,0.0,0,0.0
load_shed,dtc_hysteresis_proxy,94.31223231477084,1.7011363765038243,43.333333333333336,1.0,1.3333333333333333,0,0.0
load_shed,dtc_svm_proxy,94.51239840333864,1.348186058797431,19.666666666666668,1.0,0.0,0,0.0
load_shed,deadbeat_current_proxy,94.32032897362218,0.28157355503370096,76.0,1.0,2.0,0,0.0
load_shed,sensorless_adaptive_foc_proxy,94.36798936831046,1.0685817066891137,29.333333333333332,1.0,0.0,0,0.0
load_shed,safe_neural_horizon_pwm_h2,94.33700631685063,1.177479771700467,29.666666666666668,1.0,0.0,0,0.0
load_shed,safe_neural_horizon_pwm_h3_thermal,94.48971108370647,1.7043272703428067,23.0,1.0,0.3333333333333333,0,0.0
load_shed,safe_neural_horizon_pwm_h4_sparse,94.20463297645277,2.7523913317746214,14.0,1.0,14.666666666666666,0,0.0
reverse,protected_ai_pwm_h1_proxy,62.58589888680765,1.1099903480526063,19.333333333333332,1.0,0.0,0,0.0
reverse,fcs_mpc_one_step_baseline,62.65601873012932,1.9683656160727916,16.666666666666668,1.0,0.0,0,0.0
reverse,foc_svm_key_baseline,62.79206621797562,1.2845699133183648,24.666666666666668,1.0,0.0,0,0.0
reverse,dtc_hysteresis_proxy,62.75716774071566,1.700837897710058,30.0,1.0,0.0,0,0.0
reverse,dtc_svm_proxy,62.78275120208739,1.4191748418910566,19.333333333333332,1.0,0.0,0,0.0
reverse,deadbeat_current_proxy,62.77693621494183,0.27259784823328753,78.0,1.0,1.0,0,0.0
reverse,sensorless_adaptive_foc_proxy,62.79306858129328,1.113612043611138,26.0,1.0,0.0,0,0.0
reverse,safe_neural_horizon_pwm_h2,62.75351410439412,1.1749906606212215,29.666666666666668,1.0,0.0,0,0.0
reverse,safe_neural_horizon_pwm_h3_thermal,62.772646936211096,1.4107830349328585,24.333333333333332,1.0,0.0,0,0.0
reverse,safe_neural_horizon_pwm_h4_sparse,62.64914807163846,1.9905555325263462,20.666666666666668,0.5333333333333333,0.3333333333333333,0,0.0
braking,protected_ai_pwm_h1_proxy,44.516565689503956,1.251831151181351,22.666666666666668,0.4666666666666666,0.0,0,0.0
braking,fcs_mpc_one_step_baseline,43.97612135921045,1.6895612854693407,22.333333333333332,1.0,0.0,0,0.0
braking,foc_svm_key_baseline,44.48071115616062,1.2615472046204574,14.666666666666666,1.0,0.0,0,0.0
braking,dtc_hysteresis_proxy,44.49675980094069,1.5081326380292346,48.333333333333336,1.0,0.3333333333333333,0,0.0
braking,dtc_svm_proxy,44.57534927417067,1.3570750637369058,17.666666666666668,1.0,0.0,0,0.0
braking,deadbeat_current_proxy,44.6467463414641,0.28602891649737244,75.0,1.0,2.0,0,0.0
braking,sensorless_adaptive_foc_proxy,44.58635082332123,1.0844990502329994,23.0,0.4166666666666667,0.0,0,0.0
braking,safe_neural_horizon_pwm_h2,44.520727692952825,1.2286671231158903,27.666666666666668,0.4000000000000001,0.0,0,0.0
braking,safe_neural_horizon_pwm_h3_thermal,44.547228614282,1.468455501402768,27.666666666666668,0.41111111111111115,0.0,0,0.0
braking,safe_neural_horizon_pwm_h4_sparse,44.49915874589959,1.3220161400325026,43.333333333333336,0.36666666666666664,1.0,0,0.0
regeneration,protected_ai_pwm_h1_proxy,60.17959513031811,1.2434740452430944,25.666666666666668,1.0,0.0,0,0.0
regeneration,fcs_mpc_one_step_baseline,59.962977499713304,1.8831065950770978,19.666666666666668,1.0,0.3333333333333333,0,0.0
regeneration,foc_svm_key_baseline,60.01456774466056,1.5035409255032761,22.666666666666668,1.0,0.0,0,0.0
regeneration,dtc_hysteresis_proxy,60.17391103261466,1.4866539261207847,48.0,1.0,3.0,0,0.0
regeneration,dtc_svm_proxy,60.16613268531521,1.4509059404198006,21.333333333333332,1.0,0.0,0,0.0
regeneration,deadbeat_current_proxy,59.92900434569359,0.3142631937877265,75.0,1.0,2.6666666666666665,0,0.0
regeneration,sensorless_adaptive_foc_proxy,59.72734475063626,1.1666763656413375,31.0,0.4166666666666667,0.0,0,0.0
regeneration,safe_neural_horizon_pwm_h2,60.17850430435741,1.3658011610628389,31.333333333333332,1.0,0.0,0,0.0
regeneration,safe_neural_horizon_pwm_h3_thermal,60.08643548428654,1.5300298483363948,30.333333333333332,1.0,0.0,0,0.0
regeneration,safe_neural_horizon_pwm_h4_sparse,59.67360839725495,2.198981349026207,22.666666666666668,0.37222222222222223,9.333333333333334,0,0.0
low_speed,protected_ai_pwm_h1_proxy,23.603655756079785,1.3115468320180048,24.333333333333332,1.0,0.0,0,0.0
low_speed,fcs_mpc_one_step_baseline,22.550281797186802,1.9865917090770553,24.0,1.0,0.0,0,0.0
low_speed,foc_svm_key_baseline,23.536717555637427,1.307369937401861,19.333333333333332,1.0,0.0,0,0.0
low_speed,dtc_hysteresis_proxy,23.47806215333431,1.8105908977067993,39.666666666666664,1.0,1.0,0,0.0
low_speed,dtc_svm_proxy,23.57892407816419,1.4364889507603307,21.0,1.0,0.0,0,0.0
low_speed,deadbeat_current_proxy,23.617847186128056,0.2717581629086255,78.0,1.0,1.0,0,0.0
low_speed,sensorless_adaptive_foc_proxy,23.57294325315803,1.1059439555625983,29.666666666666668,0.13333333333333333,0.0,0,0.0
low_speed,safe_neural_horizon_pwm_h2,23.563505811853748,1.366393787298315,32.666666666666664,1.0,0.0,0,0.0
low_speed,safe_neural_horizon_pwm_h3_thermal,23.540552842958963,1.5531235103607475,29.666666666666668,1.0,0.0,0,0.0
low_speed,safe_neural_horizon_pwm_h4_sparse,23.51499810939946,1.6929445267699341,34.0,0.08333333333333333,0.3333333333333333,0,0.0
zero_speed,protected_ai_pwm_h1_proxy,0.031836387698867784,0.9025565822277782,29.0,0.20000000000000004,0.0,0,0.0
zero_speed,fcs_mpc_one_step_baseline,0.03160539856107996,0.9371699829238901,26.333333333333332,1.0,0.0,0,0.0
zero_speed,foc_svm_key_baseline,0.1343182397024406,1.1235508406742785,10.0,1.0,0.0,0,0.0
zero_speed,dtc_hysteresis_proxy,0.039502012495315465,0.9588541153037816,57.0,1.0,2.6666666666666665,0,0.0
zero_speed,dtc_svm_proxy,0.042674838817888326,0.7885809603985564,50.666666666666664,1.0,0.0,0,0.0
zero_speed,deadbeat_current_proxy,0.06014445173271385,0.27223367986755337,78.0,1.0,1.0,0,0.0
zero_speed,sensorless_adaptive_foc_proxy,0.4036510993455944,0.7049727105935686,36.0,0.13333333333333333,0.0,0,0.0
zero_speed,safe_neural_horizon_pwm_h2,0.10204038909339874,0.7886017156406293,26.333333333333332,0.10000000000000002,0.0,0,0.0
zero_speed,safe_neural_horizon_pwm_h3_thermal,0.06278992403255121,0.6585508583236709,38.0,0.10000000000000002,0.0,0,0.0
zero_speed,safe_neural_horizon_pwm_h4_sparse,0.035663107342673715,0.7626177264001228,34.0,0.08333333333333333,0.0,0,0.0
field_weakening,protected_ai_pwm_h1_proxy,180.7724352390649,1.2725792168476686,24.333333333333332,1.0,0.0,0,0.0
field_weakening,fcs_mpc_one_step_baseline,180.52149602170928,2.430857040430529,7.333333333333333,1.0,0.0,0,0.0
field_weakening,foc_svm_key_baseline,180.60365650378807,1.3919892800364024,24.0,1.0,0.0,0,0.0
field_weakening,dtc_hysteresis_proxy,181.52504535032344,1.4293731734582478,49.666666666666664,1.0,1.0,0,0.0
field_weakening,dtc_svm_proxy,180.6660830155887,1.4424273626634758,18.333333333333332,1.0,0.0,0,0.0
field_weakening,deadbeat_current_proxy,180.70243908194308,0.2710545135579297,75.0,1.0,3.0,0,0.0
field_weakening,sensorless_adaptive_foc_proxy,180.6683514056633,1.0155532041987947,25.666666666666668,1.0,0.0,0,0.0
field_weakening,safe_neural_horizon_pwm_h2,180.73297886219322,1.20778656714172,32.0,1.0,0.0,0,0.0
field_weakening,safe_neural_horizon_pwm_h3_thermal,179.1532771188951,1.9378920729496754,22.666666666666668,1.0,3.3333333333333335,0,0.0
field_weakening,safe_neural_horizon_pwm_h4_sparse,180.55891409505594,2.21833620920525,16.333333333333332,1.0,3.3333333333333335,0,0.0
overload,protected_ai_pwm_h1_proxy,86.58257064061932,1.2688208634687141,29.0,1.0,0.0,0,0.0
overload,fcs_mpc_one_step_baseline,86.1886790625828,2.258443197428323,10.666666666666666,1.0,0.0,0,0.0
overload,foc_svm_key_baseline,86.46922278971226,1.221545374644106,22.333333333333332,1.0,0.0,0,0.0
overload,dtc_hysteresis_proxy,86.47708898489806,1.7832381546625529,39.333333333333336,1.0,0.6666666666666666,0,0.0
overload,dtc_svm_proxy,86.99646248762713,1.3633808838055856,20.0,1.0,0.0,0,0.0
overload,deadbeat_current_proxy,87.8137926194601,0.29176099536219113,75.0,1.0,2.6666666666666665,0,0.0
overload,sensorless_adaptive_foc_proxy,86.56875521487457,1.0342773482840548,30.333333333333332,1.0,0.0,0,0.0
overload,safe_neural_horizon_pwm_h2,86.50111089084577,1.4207669349021443,30.333333333333332,1.0,0.0,0,0.0
overload,safe_neural_horizon_pwm_h3_thermal,86.61955660738454,1.8761364848639304,19.333333333333332,1.0,0.0,0,0.0
overload,safe_neural_horizon_pwm_h4_sparse,86.33086964225602,2.67616509829463,12.0,1.0,14.666666666666666,0,0.0
dc_sag,protected_ai_pwm_h1_proxy,86.49169136433467,1.1403001926347571,17.666666666666668,1.0,0.0,0,0.0
dc_sag,fcs_mpc_one_step_baseline,86.42979400431636,2.2472868740218104,10.333333333333334,1.0,0.0,0,0.0
dc_sag,foc_svm_key_baseline,86.35500400448791,1.4355424388619749,23.333333333333332,1.0,0.0,0,0.0
dc_sag,dtc_hysteresis_proxy,86.41034526281608,1.7469898148244998,31.0,1.0,0.3333333333333333,0,0.0
dc_sag,dtc_svm_proxy,91.78780970154274,1.1938235707733957,18.333333333333332,1.0,0.0,0,0.0
dc_sag,deadbeat_current_proxy,86.46117766450966,0.2493822119113762,76.0,1.0,2.0,0,0.0
dc_sag,sensorless_adaptive_foc_proxy,86.45559134855836,1.016278365842328,27.666666666666668,1.0,0.0,0,0.0
dc_sag,safe_neural_horizon_pwm_h2,88.604677871474,1.1721104836934837,30.666666666666668,1.0,0.0,0,0.0
dc_sag,safe_neural_horizon_pwm_h3_thermal,86.41886220030665,1.431545517614251,26.666666666666668,1.0,0.3333333333333333,0,0.0
dc_sag,safe_neural_horizon_pwm_h4_sparse,85.55479115604739,2.2808710277839928,15.0,1.0,7.0,0,0.0
motor_heating,protected_ai_pwm_h1_proxy,86.6090928563558,1.1454278367335133,24.0,1.0,0.0,0,0.0
motor_heating,fcs_mpc_one_step_baseline,86.14413406012068,2.3010158649533152,8.666666666666666,1.0,0.0,0,0.0
motor_heating,foc_svm_key_baseline,86.4265879038528,1.4347204802689637,24.0,1.0,0.0,0,0.0
motor_heating,dtc_hysteresis_proxy,86.47952425081665,1.635776445034648,42.0,1.0,1.6666666666666667,0,0.0
motor_heating,dtc_svm_proxy,86.55358054274966,1.585428002661093,18.0,1.0,0.0,0,0.0
motor_heating,deadbeat_current_proxy,86.72611371009332,0.2929578650729589,75.66666666666667,1.0,3.0,0,0.0
motor_heating,sensorless_adaptive_foc_proxy,86.47126689493352,1.0596344281026209,28.666666666666668,1.0,0.0,0,0.0
motor_heating,safe_neural_horizon_pwm_h2,86.51958507148545,1.352964523263502,26.0,1.0,0.0,0,0.0
motor_heating,safe_neural_horizon_pwm_h3_thermal,86.52363660354858,1.7070791012797384,21.333333333333332,1.0,0.0,0,0.0
motor_heating,safe_neural_horizon_pwm_h4_sparse,86.34368473142939,2.7136256165197756,12.0,1.0,15.0,0,0.0
inverter_heating,protected_ai_pwm_h1_proxy,86.74417105345834,1.1757389864884649,27.333333333333332,1.0,0.0,0,0.0
inverter_heating,fcs_mpc_one_step_baseline,85.95522010560383,2.5368470348348473,7.0,1.0,0.0,0,0.0
inverter_heating,foc_svm_key_baseline,86.42254020815095,1.4718170161393083,22.333333333333332,1.0,0.0,0,0.0
inverter_heating,dtc_hysteresis_proxy,86.43390491082918,1.7394710932192188,35.333333333333336,1.0,1.0,0,0.0
inverter_heating,dtc_svm_proxy,86.4824769338228,1.2872265610128564,19.666666666666668,1.0,0.0,0,0.0
inverter_heating,deadbeat_current_proxy,86.57026316786526,0.28499670309389846,76.0,1.0,2.0,0,0.0
inverter_heating,sensorless_adaptive_foc_proxy,86.4585574553861,1.0838803732791318,28.333333333333332,1.0,0.0,0,0.0
inverter_heating,safe_neural_horizon_pwm_h2,86.53261272375026,1.1558012733663754,28.666666666666668,1.0,0.0,0,0.0
inverter_heating,safe_neural_horizon_pwm_h3_thermal,86.46223622810028,1.511600979489005,24.333333333333332,1.0,0.0,0,0.0
inverter_heating,safe_neural_horizon_pwm_h4_sparse,86.44874439526221,2.2341421127139927,22.333333333333332,1.0,3.3333333333333335,0,0.0
rs_error,protected_ai_pwm_h1_proxy,77.2966663894145,1.132681004962444,18.666666666666668,0.9833333333333333,0.0,0,0.0
rs_error,fcs_mpc_one_step_baseline,76.90532107705259,2.2912427693744086,9.0,1.0,0.0,0,0.0
rs_error,foc_svm_key_baseline,77.03795068791425,1.187236960783211,23.0,1.0,0.0,0,0.0
rs_error,dtc_hysteresis_proxy,77.06976378846882,1.7232615045910908,40.0,1.0,1.0,0,0.0
rs_error,dtc_svm_proxy,77.08828468057028,1.5504326023421608,18.666666666666668,1.0,0.0,0,0.0
rs_error,deadbeat_current_proxy,77.21120891702834,0.31037893165671754,74.0,1.0,4.0,0,0.0
rs_error,sensorless_adaptive_foc_proxy,77.16055511097171,0.9684595997300646,29.0,0.9166666666666666,0.0,0,0.0
rs_error,safe_neural_horizon_pwm_h2,84.46124989481027,1.2613784443747864,31.0,0.9833333333333333,0.0,0,0.0
rs_error,safe_neural_horizon_pwm_h3_thermal,77.14761279587242,1.2161142656071984,28.333333333333332,0.9833333333333333,0.0,0,0.0
rs_error,safe_neural_horizon_pwm_h4_sparse,76.99434889394978,1.9191800080646555,22.0,0.8666666666666667,4.666666666666667,0,0.0
rr_error,protected_ai_pwm_h1_proxy,77.39310011803815,1.1127138188642578,18.333333333333332,0.9833333333333333,0.0,0,0.0
rr_error,fcs_mpc_one_step_baseline,77.09074149973748,1.6050986628179873,13.333333333333334,1.0,0.0,0,0.0
rr_error,foc_svm_key_baseline,77.04889136674431,1.9967004144416762,25.0,1.0,0.0,0,0.0
rr_error,dtc_hysteresis_proxy,77.14128726545414,1.4589963514653554,53.333333333333336,1.0,4.0,0,0.0
rr_error,dtc_svm_proxy,78.7179884532048,1.223133377600931,18.333333333333332,1.0,0.0,0,0.0
rr_error,deadbeat_current_proxy,77.11436368402109,0.2778828713158143,76.0,1.0,2.0,0,0.0
rr_error,sensorless_adaptive_foc_proxy,77.3546954537499,1.0167264966084701,28.666666666666668,0.9166666666666666,0.0,0,0.0
rr_error,safe_neural_horizon_pwm_h2,77.15530798439447,1.1562547992193306,21.0,0.9833333333333333,0.0,0,0.0
rr_error,safe_neural_horizon_pwm_h3_thermal,77.10626583824363,1.7702613998054826,26.0,0.9833333333333333,0.0,0,0.0
rr_error,safe_neural_horizon_pwm_h4_sparse,77.02134424714288,2.4392915249250033,21.0,0.8666666666666667,9.333333333333334,1,0.0
lm_error,protected_ai_pwm_h1_proxy,77.11234832071727,1.1285464730222716,22.333333333333332,0.9833333333333333,0.0,0,0.0
lm_error,fcs_mpc_one_step_baseline,76.900962938156,2.5163723104870517,8.0,1.0,0.0,0,0.0
lm_error,foc_svm_key_baseline,77.014492726706,1.3868045899263681,22.333333333333332,1.0,0.0,0,0.0
lm_error,dtc_hysteresis_proxy,77.58879553606444,1.4597174473114896,52.333333333333336,1.0,5.0,0,0.0
lm_error,dtc_svm_proxy,77.05851819715092,1.7934582627735975,18.666666666666668,1.0,0.0,0,0.0
lm_error,deadbeat_current_proxy,77.23050298788544,0.2808011251866576,76.0,1.0,2.0,0,0.0
lm_error,sensorless_adaptive_foc_proxy,77.1752245741836,1.1416164068926233,28.333333333333332,0.9166666666666666,0.0,0,0.0
lm_error,safe_neural_horizon_pwm_h2,77.07668545447443,1.230923488701552,26.333333333333332,0.9833333333333333,0.0,0,0.0
lm_error,safe_neural_horizon_pwm_h3_thermal,77.15800998406043,1.520080988669294,29.0,0.9833333333333333,0.0,0,0.0
lm_error,safe_neural_horizon_pwm_h4_sparse,74.39302393107482,2.5180505008936698,16.666666666666668,0.8666666666666667,13.333333333333334,0,0.0
j_error,protected_ai_pwm_h1_proxy,77.06014230273753,1.2351679439686747,27.0,0.9833333333333333,0.0,0,0.0
j_error,fcs_mpc_one_step_baseline,76.9993830440974,2.148884626144443,9.666666666666666,1.0,0.0,0,0.0
j_error,foc_svm_key_baseline,77.02547383412721,1.654305478645685,21.333333333333332,1.0,0.0,0,0.0
j_error,dtc_hysteresis_proxy,77.05883718167556,1.5457176567897861,49.666666666666664,1.0,1.6666666666666667,0,0.0
j_error,dtc_svm_proxy,77.06475841133994,1.3565090843172722,21.0,1.0,0.0,0,0.0
j_error,deadbeat_current_proxy,77.10426391676657,0.3084950824694814,73.33333333333333,1.0,4.0,0,0.0
j_error,sensorless_adaptive_foc_proxy,77.19125143523202,1.0482069840864794,28.0,0.9166666666666666,0.0,0,0.0
j_error,safe_neural_horizon_pwm_h2,77.0689636354938,1.5997102289335372,28.333333333333332,0.9833333333333333,0.0,0,0.0
j_error,safe_neural_horizon_pwm_h3_thermal,77.0467357294872,1.4803649400409649,29.333333333333332,0.9833333333333333,0.3333333333333333,0,0.0
j_error,safe_neural_horizon_pwm_h4_sparse,76.57837110980684,2.6433895184201432,13.333333333333334,0.8666666666666667,14.333333333333334,0,0.0
random_load,protected_ai_pwm_h1_proxy,86.54266774754035,1.1802345745559464,22.333333333333332,1.0,0.0,0,0.0
random_load,fcs_mpc_one_step_baseline,86.33349652138259,2.43784755449852,8.0,1.0,0.0,0,0.0
random_load,foc_svm_key_baseline,86.39126505959041,1.359565690510431,23.666666666666668,1.0,0.0,0,0.0
random_load,dtc_hysteresis_proxy,86.4237685072237,1.6294972070903364,43.333333333333336,1.0,1.6666666666666667,0,0.0
random_load,dtc_svm_proxy,86.41112497268175,1.7169617526109475,18.666666666666668,1.0,0.0,0,0.0
random_load,deadbeat_current_proxy,86.66241721710894,0.29476705467090886,74.66666666666667,1.0,3.0,0,0.0
random_load,sensorless_adaptive_foc_proxy,86.53329998786997,1.0447313107710674,26.666666666666668,1.0,0.0,0,0.0
random_load,safe_neural_horizon_pwm_h2,86.48469283954198,1.3124834569991721,27.333333333333332,1.0,0.0,0,0.0
random_load,safe_neural_horizon_pwm_h3_thermal,86.45696175688785,1.1461065146821172,34.333333333333336,1.0,0.0,0,0.0
random_load,safe_neural_horizon_pwm_h4_sparse,86.2153981076214,2.7317500847172553,12.0,1.0,14.666666666666666,0,0.0
periodic_load,protected_ai_pwm_h1_proxy,86.50624427523474,1.1604028255486396,26.333333333333332,1.0,0.0,0,0.0
periodic_load,fcs_mpc_one_step_baseline,86.28884162682134,2.513160491289756,7.666666666666667,1.0,0.0,0,0.0
periodic_load,foc_svm_key_baseline,86.37228278319928,1.4944040190767434,21.666666666666668,1.0,0.0,0,0.0
periodic_load,dtc_hysteresis_proxy,86.37066852613043,1.8397148388491262,35.333333333333336,1.0,1.3333333333333333,0,0.0
periodic_load,dtc_svm_proxy,86.45155665956293,1.3666920208720768,20.0,1.0,0.0,0,0.0
periodic_load,deadbeat_current_proxy,87.18357484370705,0.2927053659264672,75.0,1.0,3.0,0,0.0
periodic_load,sensorless_adaptive_foc_proxy,86.53160781111158,1.0389874282556377,30.0,1.0,0.0,0,0.0
periodic_load,safe_neural_horizon_pwm_h2,86.4689931833308,1.207607553174091,31.333333333333332,1.0,0.0,0,0.0
periodic_load,safe_neural_horizon_pwm_h3_thermal,86.4495337491954,1.1586197020241729,33.666666666666664,1.0,0.0,0,0.0
periodic_load,safe_neural_horizon_pwm_h4_sparse,86.41507055465952,2.2181895606081343,21.0,1.0,6.333333333333333,0,0.0
shock_load,protected_ai_pwm_h1_proxy,86.48978270666352,1.2254494937811546,25.333333333333332,1.0,0.0,0,0.0
shock_load,fcs_mpc_one_step_baseline,85.64714962463961,2.227958070388214,9.666666666666666,1.0,0.0,0,0.0
shock_load,foc_svm_key_baseline,86.33207577715973,1.3874550469461315,22.0,1.0,0.0,0,0.0
shock_load,dtc_hysteresis_proxy,86.40163632463133,1.6273564580713227,43.333333333333336,1.0,1.6666666666666667,0,0.0
shock_load,dtc_svm_proxy,86.38600450159505,1.7983592418854828,17.666666666666668,1.0,0.0,0,0.0
shock_load,deadbeat_current_proxy,86.58558807317912,0.282635513735826,76.0,1.0,2.0,0,0.0
shock_load,sensorless_adaptive_foc_proxy,86.44666632608153,1.0390546280935051,30.0,1.0,0.0,0,0.0
shock_load,safe_neural_horizon_pwm_h2,86.41558982869832,1.4064490505251401,34.0,1.0,0.0,0,0.0
shock_load,safe_neural_horizon_pwm_h3_thermal,86.42875020372253,1.132676086752072,34.0,1.0,0.0,0,0.0
shock_load,safe_neural_horizon_pwm_h4_sparse,86.27111131385648,2.3533891565607727,21.0,1.0,6.666666666666667,0,0.0
two_mass_proxy,protected_ai_pwm_h1_proxy,78.59507878739193,1.1644522913074857,24.333333333333332,1.0,0.0,0,0.0
two_mass_proxy,fcs_mpc_one_step_baseline,78.58633716628337,2.116138097704544,10.0,1.0,0.0,0,0.0
two_mass_proxy,foc_svm_key_baseline,78.53608047468897,1.640127739720153,22.0,1.0,0.0,0,0.0
two_mass_proxy,dtc_hysteresis_proxy,78.60214021160449,1.6850002127519836,41.333333333333336,1.0,4.333333333333333,0,0.0
two_mass_proxy,dtc_svm_proxy,78.61546328328207,1.327010974999217,21.666666666666668,1.0,0.0,0,0.0
two_mass_proxy,deadbeat_current_proxy,80.0392684547622,0.2825038680157683,76.0,1.0,2.0,0,0.0
two_mass_proxy,sensorless_adaptive_foc_proxy,78.64911112457067,1.072921349489864,29.333333333333332,1.0,0.0,0,0.0
two_mass_proxy,safe_neural_horizon_pwm_h2,78.60894986923626,1.3371728504782376,30.666666666666668,1.0,0.0,0,0.0
two_mass_proxy,safe_neural_horizon_pwm_h3_thermal,78.64437615936453,1.5375960497790313,26.333333333333332,1.0,0.0,0,0.0
two_mass_proxy,safe_neural_horizon_pwm_h4_sparse,78.52432587640216,2.454630291723676,16.666666666666668,1.0,7.333333333333333,0,0.0
current_sensor_noise,protected_ai_pwm_h1_proxy,77.15508242931435,1.265776771289917,24.333333333333332,0.9833333333333333,0.0,0,0.0
current_sensor_noise,fcs_mpc_one_step_baseline,76.65857286097612,2.516591819533406,8.0,1.0,0.0,0,0.0
current_sensor_noise,foc_svm_key_baseline,77.02659401293539,1.2099528885714568,20.666666666666668,1.0,0.0,0,0.0
current_sensor_noise,dtc_hysteresis_proxy,77.06930613876489,1.5495697620992857,48.0,1.0,5.333333333333333,0,0.0
current_sensor_noise,dtc_svm_proxy,77.09125353962081,1.6010110885412618,17.333333333333332,1.0,0.0,0,0.0
current_sensor_noise,deadbeat_current_proxy,77.12961647030882,0.29435650780661365,74.66666666666667,1.0,3.0,0,0.0
current_sensor_noise,sensorless_adaptive_foc_proxy,77.18768451135368,1.2662130837053864,29.0,0.9166666666666666,0.0,0,0.0
current_sensor_noise,safe_neural_horizon_pwm_h2,77.07634429606726,1.2492082211103952,30.666666666666668,0.9833333333333333,0.0,0,0.0
current_sensor_noise,safe_neural_horizon_pwm_h3_thermal,77.14618001040829,1.45071515337003,27.333333333333332,0.9833333333333333,0.0,0,0.0
current_sensor_noise,safe_neural_horizon_pwm_h4_sparse,76.94420960168138,2.697654932196959,15.333333333333334,0.8666666666666667,15.0,1,0.0
speed_sensor_noise,protected_ai_pwm_h1_proxy,77.2125427674331,1.1516148929332242,21.333333333333332,0.9888888888888889,0.0,0,0.0
speed_sensor_noise,fcs_mpc_one_step_baseline,77.02590847998736,2.080733050072472,11.333333333333334,1.0,0.0,0,0.0
speed_sensor_noise,foc_svm_key_baseline,77.03153653574248,1.3294462689285325,22.333333333333332,1.0,0.0,0,0.0
speed_sensor_noise,dtc_hysteresis_proxy,77.06012820485199,1.521546302049982,51.0,1.0,3.0,0,0.0
speed_sensor_noise,dtc_svm_proxy,77.18327411905655,1.3018163951095572,18.333333333333332,1.0,0.0,0,0.0
speed_sensor_noise,deadbeat_current_proxy,77.08808423641182,0.2940109986118072,75.0,1.0,3.0,0,0.0
speed_sensor_noise,sensorless_adaptive_foc_proxy,77.46173884298713,1.0662968269618973,30.333333333333332,0.9388888888888888,0.0,0,0.0
speed_sensor_noise,safe_neural_horizon_pwm_h2,77.1277311722651,1.2787779254912013,30.666666666666668,0.9888888888888889,0.0,0,0.0
speed_sensor_noise,safe_neural_horizon_pwm_h3_thermal,77.10191151916435,1.6088592220567615,27.333333333333332,0.9944444444444445,2.3333333333333335,0,0.0
speed_sensor_noise,safe_neural_horizon_pwm_h4_sparse,76.95926401699968,2.740590680437167,16.333333333333332,0.8666666666666667,25.666666666666668,0,0.0
sensor_delay,protected_ai_pwm_h1_proxy,77.00057694144986,1.65408073281617,21.333333333333332,0.26666666666666666,3.3333333333333335,0,0.0
sensor_delay,fcs_mpc_one_step_baseline,75.75213216318986,2.9884617338983084,10.0,0.38333333333333336,0.0,0,0.0
sensor_delay,foc_svm_key_baseline,76.77276231099836,2.164247068137007,14.666666666666666,0.38333333333333336,0.0,0,0.0
sensor_delay,dtc_hysteresis_proxy,76.9931090530813,2.331185945245578,32.0,0.38333333333333336,4.333333333333333,0,0.0
sensor_delay,dtc_svm_proxy,76.87556122080825,2.565603183229507,15.666666666666666,0.38333333333333336,7.0,0,0.0
sensor_delay,deadbeat_current_proxy,77.14294439756186,0.35640973658692393,75.0,0.38333333333333336,5.666666666666667,0,0.0
sensor_delay,sensorless_adaptive_foc_proxy,76.99860816276285,1.6577931796543748,24.0,0.20000000000000004,2.6666666666666665,0,0.0
sensor_delay,safe_neural_horizon_pwm_h2,77.03631434133176,1.496729221970026,37.666666666666664,0.25,0.0,0,0.0
sensor_delay,safe_neural_horizon_pwm_h3_thermal,77.66522057081873,1.4062979424373523,32.666666666666664,0.25,0.0,0,0.0
sensor_delay,safe_neural_horizon_pwm_h4_sparse,77.1543710020513,2.1538455349223278,19.666666666666668,0.13333333333333333,19.0,0,0.0
speed_sensor_failure,protected_ai_pwm_h1_proxy,77.11640951982464,1.17956726028679,24.666666666666668,0.26666666666666666,0.0,0,0.0
speed_sensor_failure,fcs_mpc_one_step_baseline,75.76714797015865,2.2547550500161067,9.333333333333334,0.38333333333333336,0.0,0,0.0
speed_sensor_failure,foc_svm_key_baseline,77.03036514890738,1.279932556848687,21.333333333333332,0.38333333333333336,0.0,0,0.0
speed_sensor_failure,dtc_hysteresis_proxy,77.07252865923142,1.680617021973134,42.666666666666664,0.38333333333333336,1.6666666666666667,0,0.0
speed_sensor_failure,dtc_svm_proxy,77.52914576302167,1.5475891783658735,18.0,0.38333333333333336,0.3333333333333333,0,0.0
speed_sensor_failure,deadbeat_current_proxy,77.33705988862935,0.29547353212361266,74.66666666666667,0.38333333333333336,3.0,0,0.0
speed_sensor_failure,sensorless_adaptive_foc_proxy,77.11575419003263,1.1707985530896254,27.0,0.20000000000000004,0.0,0,0.0
speed_sensor_failure,safe_neural_horizon_pwm_h2,77.13942561252375,1.2385917196937108,31.0,0.25,0.0,0,0.0
speed_sensor_failure,safe_neural_horizon_pwm_h3_thermal,77.07557908245256,1.263807650612408,32.0,0.25,0.0,0,0.0
speed_sensor_failure,safe_neural_horizon_pwm_h4_sparse,76.67050841191137,2.7028380388251496,11.0,0.13333333333333333,25.0,0,0.0
current_sensor_failure,protected_ai_pwm_h1_proxy,77.35892902695879,1.2591295046775852,21.333333333333332,0.9833333333333333,0.0,0,0.0
current_sensor_failure,fcs_mpc_one_step_baseline,76.36360539508765,2.5027705845572448,7.0,1.0,0.0,0,0.0
current_sensor_failure,foc_svm_key_baseline,77.01595249123143,1.3931537356538872,20.666666666666668,1.0,0.0,0,0.0
current_sensor_failure,dtc_hysteresis_proxy,77.06985623499007,1.5243233374588179,52.333333333333336,1.0,3.0,0,0.0
current_sensor_failure,dtc_svm_proxy,77.49898571504129,1.7947563129994955,17.666666666666668,1.0,0.0,0,0.0
current_sensor_failure,deadbeat_current_proxy,77.128099467453,0.28155102423158174,76.0,1.0,2.0,0,0.0
current_sensor_failure,sensorless_adaptive_foc_proxy,77.10105961876216,1.0889011241272708,31.666666666666668,0.9166666666666666,0.0,0,0.0
current_sensor_failure,safe_neural_horizon_pwm_h2,77.2904650105833,1.2761436554617356,24.0,0.9833333333333333,0.0,0,0.0
current_sensor_failure,safe_neural_horizon_pwm_h3_thermal,77.08035236891453,1.4752349513079615,28.333333333333332,0.9833333333333333,0.0,0,0.0
current_sensor_failure,safe_neural_horizon_pwm_h4_sparse,76.99037266704882,2.61868745851736,17.666666666666668,0.8666666666666667,12.333333333333334,0,0.0
ood,protected_ai_pwm_h1_proxy,77.0939925764612,1.1494602134191534,17.666666666666668,0.9833333333333333,0.0,0,0.0
ood,fcs_mpc_one_step_baseline,77.12964166382874,1.6252690390666853,13.333333333333334,1.0,0.0,0,0.0
ood,foc_svm_key_baseline,77.06566727762916,1.9633929242244292,26.0,1.0,0.0,0,0.0
ood,dtc_hysteresis_proxy,77.08126728715534,1.3886329497523906,47.333333333333336,1.0,2.3333333333333335,0,0.0
ood,dtc_svm_proxy,77.06867595663748,1.1642937314344988,18.666666666666668,1.0,0.0,0,0.0
ood,deadbeat_current_proxy,77.10424715436267,0.2806100830439498,76.0,1.0,2.0,0,0.0
ood,sensorless_adaptive_foc_proxy,77.0559381837865,0.9635673359417934,23.666666666666668,0.9166666666666666,0.0,0,0.0
ood,safe_neural_horizon_pwm_h2,77.10936869790537,1.0829216028021194,23.666666666666668,0.9833333333333333,0.0,0,0.0
ood,safe_neural_horizon_pwm_h3_thermal,77.09971756007721,1.1987484283679082,34.0,0.9833333333333333,0.0,0,0.0
ood,safe_neural_horizon_pwm_h4_sparse,77.06780663380268,1.4606584042516142,35.333333333333336,0.8666666666666667,0.3333333333333333,0,0.0
fault_injection_runtime,protected_ai_pwm_h1_proxy,77.10064790889199,0.9572316488892992,12.0,0.9833333333333333,30.0,3,0.0
fault_injection_runtime,fcs_mpc_one_step_baseline,76.80609178159769,1.5922048792687848,8.0,1.0,30.0,3,0.0
fault_injection_runtime,foc_svm_key_baseline,77.03492961561383,1.107066409880369,12.666666666666666,1.0,30.0,3,0.0
fault_injection_runtime,dtc_hysteresis_proxy,77.11342485457057,1.0333385442757068,24.666666666666668,1.0,30.333333333333332,3,0.0
fault_injection_runtime,dtc_svm_proxy,77.0685960592209,0.9604553722251253,14.666666666666666,1.0,30.0,3,0.0
fault_injection_runtime,deadbeat_current_proxy,77.33227163118983,0.23141059747839662,38.0,1.0,31.0,3,0.0
fault_injection_runtime,sensorless_adaptive_foc_proxy,77.09841949932496,0.7140785804166132,15.333333333333334,0.9166666666666666,30.0,3,0.0
fault_injection_runtime,safe_neural_horizon_pwm_h2,77.10862407980818,0.8667920567255941,14.666666666666666,0.9833333333333333,30.0,3,0.0
fault_injection_runtime,safe_neural_horizon_pwm_h3_thermal,77.17977320734623,0.9374648789843506,16.666666666666668,0.9833333333333333,30.0,3,0.0
fault_injection_runtime,safe_neural_horizon_pwm_h4_sparse,77.03500421113748,1.5193962604463909,14.0,0.8666666666666667,30.0,3,0.0
sensor_dropout,protected_ai_pwm_h1_proxy,77.10050399277513,1.138451128733381,21.666666666666668,0.26666666666666666,0.0,0,0.0
sensor_dropout,fcs_mpc_one_step_baseline,76.95402496399406,2.293379664658396,9.0,0.38333333333333336,0.0,0,0.0
sensor_dropout,foc_svm_key_baseline,77.0218860791684,1.3336843677873549,22.333333333333332,0.38333333333333336,0.0,0,0.0
sensor_dropout,dtc_hysteresis_proxy,77.05850092586321,1.5154484828478065,49.666666666666664,0.38333333333333336,1.0,0,0.0
sensor_dropout,dtc_svm_proxy,77.19562363339234,1.3314921903218087,19.666666666666668,0.38333333333333336,0.0,0,0.0
sensor_dropout,deadbeat_current_proxy,77.33820919760258,0.2968828656032087,74.66666666666667,0.38333333333333336,3.3333333333333335,0,0.0
sensor_dropout,sensorless_adaptive_foc_proxy,77.10605903025562,0.9730410327053737,29.333333333333332,0.20000000000000004,0.0,0,0.0
sensor_dropout,safe_neural_horizon_pwm_h2,77.16166043194274,1.2375071172834724,33.666666666666664,0.25,0.0,0,0.0
sensor_dropout,safe_neural_horizon_pwm_h3_thermal,77.07837464176004,1.2126214959607184,32.666666666666664,0.25,0.0,0,0.0
sensor_dropout,safe_neural_horizon_pwm_h4_sparse,74.41307861079933,2.7390955303676208,15.0,0.13333333333333333,21.666666666666668,0,0.0
